<eml:eml xmlns:eml="https://eml.ecoinformatics.org/eml-2.2.0" xmlns:stmml="http://www.xml-cml.org/schema/stmml-1.1" xmlns:xsi="http://www.w3.org/2001/XMLSchema-instance" packageId="catalogoplantas.udec.cl" xsi:schemaLocation="https://eml.ecoinformatics.org/eml-2.2.0 xsd/eml.xsd" system="http://localhost:8002" scope="system" xml:lang="spa">
  <dataset scope="document">
    <title xml:lang="eng">Cat&#225;logo de las plantas vasculares de Chile</title>
    <creator scope="document">
      <individualName>
        <givenName xml:lang="eng">Diego</givenName>
        <surName xml:lang="eng">Alarc&#243;n</surName>
      </individualName>
      <organizationName xml:lang="eng">Universidad de Concepci&#243;n</organizationName>
      <address scope="document">
        <deliveryPoint xml:lang="eng"></deliveryPoint>
      </address>
      <onlineUrl>https://orcid.org/0000-0003-3751-047X</onlineUrl>
    </creator>
    <creator scope="document">
      <individualName>
        <givenName xml:lang="eng">Carlos</givenName>
        <surName xml:lang="eng">Baeza</surName>
      </individualName>
      <organizationName xml:lang="eng">Universidad de Concepci&#243;n</organizationName>
      <address scope="document">
        <deliveryPoint xml:lang="eng"></deliveryPoint>
      </address>
      <onlineUrl>https://www.naturalesudec.cl/carlos-baeza/</onlineUrl>
    </creator>
    <creator scope="document">
      <individualName>
        <givenName xml:lang="eng">Lohengrin</givenName>
        <surName xml:lang="eng">Cavieres</surName>
      </individualName>
      <organizationName xml:lang="eng">Universidad de Concepci&#243;n</organizationName>
      <address scope="document">
        <deliveryPoint xml:lang="eng"></deliveryPoint>
      </address>
      <onlineUrl>https://www.naturalesudec.cl/lohengrin-cavieres/</onlineUrl>
    </creator>
    <creator scope="document">
      <individualName>
        <givenName xml:lang="eng">V&#237;ctor L.</givenName>
        <surName xml:lang="eng">Finot</surName>
      </individualName>
      <organizationName xml:lang="eng">Universidad de Concepci&#243;n</organizationName>
      <address scope="document">
        <deliveryPoint xml:lang="eng"></deliveryPoint>
      </address>
      <onlineUrl>https://orcid.org/0000-0002-7063-5840</onlineUrl>
    </creator>
    <creator scope="document">
      <individualName>
        <givenName xml:lang="eng">Nicol</givenName>
        <surName xml:lang="eng">Fuentes</surName>
      </individualName>
      <organizationName xml:lang="eng">Universidad de Concepci&#243;n</organizationName>
      <address scope="document">
        <deliveryPoint xml:lang="eng"></deliveryPoint>
      </address>
      <onlineUrl>https://www.naturalesudec.cl/nicol-e-fuentes-parada/</onlineUrl>
    </creator>
    <creator scope="document">
      <individualName>
        <givenName xml:lang="eng">Andrea</givenName>
        <surName xml:lang="eng">Kiessling</surName>
      </individualName>
      <organizationName xml:lang="eng">Universidad de Concepci&#243;n</organizationName>
      <address scope="document">
        <deliveryPoint xml:lang="eng"></deliveryPoint>
      </address>
    </creator>
    <creator scope="document">
      <individualName>
        <givenName xml:lang="eng">Maritza</givenName>
        <surName xml:lang="eng">Mihoc</surName>
      </individualName>
      <organizationName xml:lang="eng">Universidad de Concepci&#243;n</organizationName>
      <address scope="document">
        <deliveryPoint xml:lang="eng"></deliveryPoint>
      </address>
      <onlineUrl>https://orcid.org/0000-0002-7758-9031</onlineUrl>
    </creator>
    <creator scope="document">
      <individualName>
        <givenName xml:lang="eng">Anibal</givenName>
        <surName xml:lang="eng">Pauchard</surName>
      </individualName>
      <organizationName xml:lang="eng">Universidad de Concepci&#243;n</organizationName>
      <address scope="document">
        <deliveryPoint xml:lang="eng"></deliveryPoint>
      </address>
      <onlineUrl>https://www.forestal.udec.cl/departamentos/manejo-de-bosques-y-medio-ambiente/academicos/anibal-pauchard/</onlineUrl>
    </creator>
    <creator scope="document">
      <individualName>
        <givenName xml:lang="eng">Eduardo</givenName>
        <surName xml:lang="eng">Ruiz-Ponce</surName>
      </individualName>
      <organizationName xml:lang="eng">Universidad de Concepci&#243;n</organizationName>
      <address scope="document">
        <deliveryPoint xml:lang="eng"></deliveryPoint>
      </address>
      <onlineUrl>https://www.naturalesudec.cl/eduardo-ruiz-ponce/</onlineUrl>
    </creator>
    <creator scope="document">
      <individualName>
        <givenName xml:lang="eng">Paulina</givenName>
        <surName xml:lang="eng">Sanchez</surName>
      </individualName>
      <organizationName xml:lang="eng">Universidad de Concepci&#243;n</organizationName>
      <address scope="document">
        <deliveryPoint xml:lang="eng"></deliveryPoint>
      </address>
    </creator>
    <creator scope="document">
      <individualName>
        <givenName xml:lang="eng">Clodomiro</givenName>
        <surName xml:lang="eng">Marticorena</surName>
      </individualName>
      <address scope="document">
        <deliveryPoint xml:lang="eng"></deliveryPoint>
      </address>
    </creator>
    <creator scope="document">
      <individualName>
        <givenName xml:lang="eng">Roberto</givenName>
        <surName xml:lang="eng">Rodriguez</surName>
      </individualName>
      <address scope="document">
        <deliveryPoint xml:lang="eng"></deliveryPoint>
      </address>
    </creator>
    <creator scope="document">
      <individualName>
        <givenName xml:lang="eng">Alicia</givenName>
        <surName xml:lang="eng">Marticorena</surName>
      </individualName>
      <organizationName xml:lang="eng">Universidad de Concepci&#243;n</organizationName>
      <positionName xml:lang="eng">Curadora</positionName>
      <address scope="document">
        <deliveryPoint xml:lang="eng">Departamento de Botanica, Facultad de Ciencias Naturales y Oceanograficas, Universidad de Concepcion, Casilla 160-C, Concepci&#243;n, Chile</deliveryPoint>
        <city xml:lang="eng">Concepci&#243;n</city>
        <country xml:lang="eng">Chile</country>
      </address>
      <onlineUrl>https://orcid.org/0000-0001-9740-4455</onlineUrl>
    </creator>
    <language>spa</language>
    <abstract>
      <para xml:lang="eng">Se presenta un catalogo de las plantas vasculares que crecen en Chile. Esta organizado por divisiones, Pteridophyta (Lycopodiopsida y Polypodiopsida), Pinophyta (Gnetopsida y Pinopsida) y Magnoliophyta (Liliopsida y Magnoliopsida), y dentro de cada grupo, las jerarquias taxonomicas (Familia, Genero, Especies y taxones infraespecificos) estan ordenados alfabeticamente. Se incluye ademas un indice alfabetico de generos con indicacion de la familia y grupo a que pertenecen. De acuerdo a este catalogo la flora de las plantas vasculares que crecen en Chile, comprende 186 familias, 1121 generos y especies, de estas, 4655 corresponden a especies nativas, de las cuales 2145 son endemicas de Chile y 816 las especies introducidas&lt;/para&gt;</para>
    </abstract>
    <keywordSet>
      <keyword xml:lang="eng" keywordType="theme">geographic distribution</keyword>
      <keyword xml:lang="eng" keywordType="theme">Checklist</keyword>
      <keyword xml:lang="eng" keywordType="taxonomic">Chilean flora</keyword>
      <keyword xml:lang="eng" keywordType="theme">flora chilena</keyword>
    </keywordSet>
    <keywordSet>
      <keyword xml:lang="eng">elevation</keyword>
      <keywordThesaurus>LTER Controlled Vocabulary</keywordThesaurus>
    </keywordSet>
    <intellectualRights>
      <para xml:lang="eng">This information is released under the Creative Commons license - Attribution - CC BY (https://creativecommons.org/licenses/by/4.0/). The consumer of these data ("Data User" herein) is required to cite it appropriately in any publication that results from its use. The Data User should realize that these data may be actively used by others for ongoing research and that coordination may be necessary to prevent duplicate publication. The Data User is urged to contact the authors of these data if any questions about methodology or results occur. Where appropriate, the Data User is encouraged to consider collaboration or co-authorship with the authors. The Data User should realize that misinterpretation of data may occur if used out of context of the original study. While substantial efforts are made to ensure the accuracy of data and associated documentation, complete accuracy of data sets cannot be guaranteed. All data are made available "as is." The Data User should be aware, however, that data are updated periodically and it is the responsibility of the Data User to check for new versions of the data. The data authors and the repository where these data were obtained shall not be liable for damages resulting from any use or misinterpretation of the data. Thank you.&lt;/para&gt;</para>
    </intellectualRights>
    <licensed>
      <licenseName>Creative Commons Attribution 4.0 International</licenseName>
      <url>https://spdx.org/licenses/CC-BY-4.0</url>
      <identifier>CC-BY-4.0</identifier>
    </licensed>
    <coverage scope="document">
      <geographicCoverage scope="document">
        <geographicDescription>Chile continental e insular (Juan Fernandez, Isla de Pascua, Islas Desventuradas)</geographicDescription>
        <boundingCoordinates>
          <westBoundingCoordinate>-109.431389</westBoundingCoordinate>
          <eastBoundingCoordinate>-66.423333</eastBoundingCoordinate>
          <northBoundingCoordinate>-17.483333</northBoundingCoordinate>
          <southBoundingCoordinate>-56.50666392205783</southBoundingCoordinate>
        </boundingCoordinates>
      </geographicCoverage>
      <taxonomicCoverage scope="document">
        <generalTaxonomicCoverage>Tracheophyta</generalTaxonomicCoverage>
        <taxonomicClassification>
          <taxonRankName>Kingdom</taxonRankName>
          <taxonRankValue>Viridiplantae</taxonRankValue>
          <commonName>green plants</commonName>
          <taxonId provider="https://www.ncbi.nlm.nih.gov/taxonomy">33090</taxonId>
          <taxonId provider="https://www.ncbi.nlm.nih.gov/taxonomy">35493</taxonId>
          <taxonId provider="https://www.ncbi.nlm.nih.gov/taxonomy">131221</taxonId>
        </taxonomicClassification>
      </taxonomicCoverage>
    </coverage>
    <contact scope="document">
      <individualName>
        <givenName xml:lang="eng">Alicia</givenName>
        <surName xml:lang="eng">Marticorena</surName>
      </individualName>
      <organizationName xml:lang="eng">Universidad de Concepci&#243;n</organizationName>
      <positionName xml:lang="eng">Curadora</positionName>
      <address scope="document">
        <deliveryPoint xml:lang="eng">Departamento de Botanica, Facultad de Ciencias Naturales y Oceanograficas, Universidad de Concepcion, Casilla 160-C, Concepci&#243;n, Chile</deliveryPoint>
        <city xml:lang="eng">Concepci&#243;n</city>
        <country xml:lang="eng">Chile</country>
      </address>
      <onlineUrl>https://orcid.org/0000-0001-9740-4455</onlineUrl>
    </contact>
    <methods>
      <methodStep>
        <description>
          <para xml:lang="eng">El Catalogo de las Plantas Vasculares de Chile reune informacion sobre los taxones presentes en Chile continental e insular. La actualizacion de niveles taxonomicos (Division, Clase, Familia, Genero, Especie y categorias infraespecificas) sigue la propuesta de Stevens (2001 en adelante) y utiliza diversas fuentes bibliograficas, incluyendo revisiones taxonomicas recientes y especimenes de herbario (CONC y SGO). Se incluyen datos de nomenclatura, habito, ciclo de vida, estatus (nativa, endemica, introducida), distribucion geografica segun la regionalizacion vigente, rango altitudinal, presencia en paises vecinos y nombres vulgares.</para>
          <para xml:lang="eng"></para>
          <para xml:lang="eng">Para especies introducidas, la base fue el Catalogo de la Flora Vascular de Chile (Marticorena &amp;amp; Quezada, 1985) y datos del Laboratorio de Invasiones Biologicas (LIB), incorporando publicaciones recientes. Este trabajo actualiza el registro de taxones, valida rangos de distribucion y corrige el estatus de origen. Se incluyen notas aclaratorias cuando es necesario, consolidando informacion taxonomica y geografica que refleja los cambios en la flora chilena.&lt;/para&gt;</para>
        </description>
      </methodStep>
    </methods>
  </dataset>
</eml:eml>
