<archive xmlns="http://rs.tdwg.org/dwc/text/" metadata="eml.xml">
  <core rowType="http://rs.tdwg.org/dwc/terms/Taxon" encoding="utf-8" linesTerminatedBy="\n" fieldsTerminatedBy="\t" fieldsEnclosedBy="" ignoreHeaderLines="1">
    <id index="0"/>
    <files>
      <location>taxon.tsv</location>
    </files>
    <field term="http://rs.tdwg.org/dwc/terms/taxonID" index="0"/>
    <field term="http://rs.tdwg.org/dwc/terms/parentNameUsageID" index="1"/>
    <field term="http://rs.tdwg.org/dwc/terms/acceptedNameUsageID" index="2"/>
    <field term="http://rs.tdwg.org/dwc/terms/originalNameUsageID" index="3"/>
    <field term="http://rs.tdwg.org/dwc/terms/scientificNameID" index="4"/>
    <field term="http://rs.tdwg.org/dwc/terms/datasetID" index="5"/>
    <field term="http://rs.tdwg.org/dwc/terms/taxonomicStatus" index="6"/>
    <field term="http://rs.tdwg.org/dwc/terms/taxonRank" index="7"/>
    <field term="http://rs.tdwg.org/dwc/terms/taxonRemarks" index="8"/>
    <field term="http://rs.tdwg.org/dwc/terms/scientificName" index="9"/>
    <field term="http://rs.tdwg.org/dwc/terms/higherClassification" index="10"/>
    <field term="http://rs.tdwg.org/dwc/terms/kingdom" index="11"/>
    <field term="http://rs.tdwg.org/dwc/terms/phylum" index="12"/>
    <field term="http://rs.tdwg.org/dwc/terms/class" index="13"/>
    <field term="http://rs.tdwg.org/dwc/terms/order" index="14"/>
    <field term="http://rs.tdwg.org/dwc/terms/family" index="15"/>
    <field term="http://rs.tdwg.org/dwc/terms/genus" index="16"/>
    <field term="http://rs.tdwg.org/dwc/terms/genericName" index="17"/>
    <field term="http://rs.tdwg.org/dwc/terms/infragenericEpithet" index="18"/>
    <field term="http://rs.tdwg.org/dwc/terms/specificEpithet" index="19"/>
    <field term="http://rs.tdwg.org/dwc/terms/infraspecificEpithet" index="20"/>
    <field term="http://rs.tdwg.org/dwc/terms/scientificNameAuthorship" index="21"/>
    <field term="http://rs.tdwg.org/dwc/terms/nameAccordingTo" index="22"/>
    <field term="http://rs.tdwg.org/dwc/terms/namePublishedIn" index="23"/>
    <field term="http://rs.tdwg.org/dwc/terms/nomenclaturalCode" index="24"/>
    <field term="http://rs.tdwg.org/dwc/terms/nomenclaturalStatus" index="25"/>
    <field term="http://purl.org/dc/terms/modified" index="26"/>
    <field term="http://rs.tdwg.org/dwc/terms/institutionID" index="27"/>
    <field term="http://rs.tdwg.org/dwc/terms/institutionCode" index="28"/>
    <field term="http://rs.tdwg.org/dwc/terms/datasetName" index="29"/>
  </core>
  <extension rowType="http://rs.gbif.org/terms/1.0/VernacularName" encoding="utf-8" linesTerminatedBy="\n" fieldsTerminatedBy="\t" fieldsEnclosedBy="" ignoreHeaderLines="1">
    <coreid index="0"/>
    <files>
      <location>vernacular.tsv</location>
    </files>
    <field term="http://purl.org/dc/elements/1.1/language" index="1"/>
    <field term="http://rs.tdwg.org/dwc/terms/vernacularName" index="2"/>
  </extension>
  <extension rowType="http://rs.gbif.org/terms/1.0/Distribution" encoding="utf-8" linesTerminatedBy="\n" fieldsTerminatedBy="\t" fieldsEnclosedBy="" ignoreHeaderLines="1">
    <coreid index="0"/>
    <files>
      <location>distribution.tsv</location>
    </files>
    <field term="http://rs.tdwg.org/dwc/terms/occurrenceStatus" index="1"/>
    <field term="http://rs.tdwg.org/dwc/terms/locality" index="2"/>
    <field term="http://rs.tdwg.org/dwc/terms/country" index="3"/>
    <field term="http://rs.tdwg.org/dwc/terms/countryCode" index="4"/>
  </extension>
</archive>
